"Address","Occurrences","Indexability","Indexability Status","Canonical Link Element 1","HTTP Canonical","Meta Robots 1","X-Robots-Tag 1","rel=""next"" 1","rel=""prev"" 1","HTTP rel=""next"" 1","HTTP rel=""prev"" 1"
"https://vouch-mobile-site-fz5pc.kinsta.page/","1","Non-Indexable","Canonicalised","https://vouchmobile.com/","","","","","","",""
"https://vouch-mobile-site-fz5pc.kinsta.page/compare/vouch-vs-mint-mobile/","1","Non-Indexable","Canonicalised","https://vouchmobile.com/compare/vouch-vs-mint-mobile/","","","","","","",""
"https://vouch-mobile-site-fz5pc.kinsta.page/compare/vouch-vs-cricket/","1","Non-Indexable","Canonicalised","https://vouchmobile.com/compare/vouch-vs-cricket/","","","","","","",""
"https://vouch-mobile-site-fz5pc.kinsta.page/about/","1","Non-Indexable","Canonicalised","https://vouchmobile.com/about/","","","","","","",""
"https://vouch-mobile-site-fz5pc.kinsta.page/plans/","1","Non-Indexable","Canonicalised","https://vouchmobile.com/plans/","","","","","","",""
"https://vouch-mobile-site-fz5pc.kinsta.page/coverage/","1","Non-Indexable","Canonicalised","https://vouchmobile.com/coverage/","","","","","","",""
"https://vouch-mobile-site-fz5pc.kinsta.page/contact/","1","Non-Indexable","Canonicalised","https://vouchmobile.com/contact/","","","","","","",""
"https://vouch-mobile-site-fz5pc.kinsta.page/faq/","1","Non-Indexable","Canonicalised","https://vouchmobile.com/faq/","","","","","","",""
"https://vouch-mobile-site-fz5pc.kinsta.page/compare/vouch-vs-visible/","1","Non-Indexable","Canonicalised","https://vouchmobile.com/compare/vouch-vs-visible/","","","","","","",""
"https://vouch-mobile-site-fz5pc.kinsta.page/compare/","1","Non-Indexable","Canonicalised","https://vouchmobile.com/compare/","","","","","","",""
"https://vouch-mobile-site-fz5pc.kinsta.page/blog/","1","Non-Indexable","Canonicalised","https://vouchmobile.com/blog/","","","","","","",""
"https://vouch-mobile-site-fz5pc.kinsta.page/blog/how-to-port-your-phone-number-complete-guide-2026/","1","Non-Indexable","Canonicalised","https://vouchmobile.com/blog/how-to-port-your-phone-number-complete-guide-2026/","","","","","","",""
"https://vouch-mobile-site-fz5pc.kinsta.page/blog/prepaid-vs-postpaid-plans-which-is-better-in-2026/","1","Non-Indexable","Canonicalised","https://vouchmobile.com/blog/prepaid-vs-postpaid-plans-which-is-better-in-2026/","","","","","","",""
"https://vouch-mobile-site-fz5pc.kinsta.page/blog/best-phone-plans-for-small-business-owners-2026/","1","Non-Indexable","Canonicalised","https://vouchmobile.com/blog/best-phone-plans-for-small-business-owners-2026/","","","","","","",""
"https://vouch-mobile-site-fz5pc.kinsta.page/blog/esim-vs-physical-sim-which-is-right-for-you/","1","Non-Indexable","Canonicalised","https://vouchmobile.com/blog/esim-vs-physical-sim-which-is-right-for-you/","","","","","","",""
"https://vouch-mobile-site-fz5pc.kinsta.page/blog/first-phone-plan-guide-what-to-know-before-you-sign-up/","1","Non-Indexable","Canonicalised","https://vouchmobile.com/blog/first-phone-plan-guide-what-to-know-before-you-sign-up/","","","","","","",""
"https://vouch-mobile-site-fz5pc.kinsta.page/blog/how-to-switch-phone-carriers-without-losing-your-number/","1","Non-Indexable","Canonicalised","https://vouchmobile.com/blog/how-to-switch-phone-carriers-without-losing-your-number/","","","","","","",""
"https://vouch-mobile-site-fz5pc.kinsta.page/blog/best-phones-for-prepaid-plans-2026-top-10-unlocked-phones/","1","Non-Indexable","Canonicalised","https://vouchmobile.com/blog/best-phones-for-prepaid-plans-2026-top-10-unlocked-phones/","","","","","","",""
"https://vouch-mobile-site-fz5pc.kinsta.page/blog/best-phone-plans-for-travelers-2026/","1","Non-Indexable","Canonicalised","https://vouchmobile.com/blog/best-phone-plans-for-travelers-2026/","","","","","","",""
"https://vouch-mobile-site-fz5pc.kinsta.page/blog/how-to-unlock-your-phone-carrier-unlock-guide-2026/","1","Non-Indexable","Canonicalised","https://vouchmobile.com/blog/how-to-unlock-your-phone-carrier-unlock-guide-2026/","","","","","","",""
"https://vouch-mobile-site-fz5pc.kinsta.page/blog/25-budget-phone-tips-save-money-without-sacrificing-quality/","1","Non-Indexable","Canonicalised","https://vouchmobile.com/blog/25-budget-phone-tips-save-money-without-sacrificing-quality/","","","","","","",""
"https://vouch-mobile-site-fz5pc.kinsta.page/blog/family-phone-plan-alternatives-save-without-the-big-carrier/","1","Non-Indexable","Canonicalised","https://vouchmobile.com/blog/family-phone-plan-alternatives-save-without-the-big-carrier/","","","","","","",""
"https://vouch-mobile-site-fz5pc.kinsta.page/blog/how-to-check-if-your-phone-is-unlocked/","1","Non-Indexable","Canonicalised","https://vouchmobile.com/blog/how-to-check-if-your-phone-is-unlocked/","","","","","","",""
"https://vouch-mobile-site-fz5pc.kinsta.page/blog/gift-a-phone-plan-the-perfect-present-for-any-occasion/","1","Non-Indexable","Canonicalised","https://vouchmobile.com/blog/gift-a-phone-plan-the-perfect-present-for-any-occasion/","","","","","","",""
"https://vouch-mobile-site-fz5pc.kinsta.page/blog/best-phone-plans-for-parents-and-kids-2026/","1","Non-Indexable","Canonicalised","https://vouchmobile.com/blog/best-phone-plans-for-parents-and-kids-2026/","","","","","","",""
"https://vouch-mobile-site-fz5pc.kinsta.page/blog/best-phone-plans-for-gig-workers-uber-doordash-and-more/","1","Non-Indexable","Canonicalised","https://vouchmobile.com/blog/best-phone-plans-for-gig-workers-uber-doordash-and-more/","","","","","","",""
"https://vouch-mobile-site-fz5pc.kinsta.page/blog/black-friday-phone-plan-deals-2026-best-carrier-discounts/","1","Non-Indexable","Canonicalised","https://vouchmobile.com/blog/black-friday-phone-plan-deals-2026-best-carrier-discounts/","","","","","","",""
"https://vouch-mobile-site-fz5pc.kinsta.page/blog/how-to-save-money-on-your-phone-bill-15-proven-tips/","1","Non-Indexable","Canonicalised","https://vouchmobile.com/blog/how-to-save-money-on-your-phone-bill-15-proven-tips/","","","","","","",""
"https://vouch-mobile-site-fz5pc.kinsta.page/blog/phone-plans-for-bad-credit-no-credit-check-options-2026/","1","Non-Indexable","Canonicalised","https://vouchmobile.com/blog/phone-plans-for-bad-credit-no-credit-check-options-2026/","","","","","","",""
"https://vouch-mobile-site-fz5pc.kinsta.page/blog/what-is-an-mvno-everything-you-need-to-know/","1","Non-Indexable","Canonicalised","https://vouchmobile.com/blog/what-is-an-mvno-everything-you-need-to-know/","","","","","","",""
"https://vouch-mobile-site-fz5pc.kinsta.page/blog/new-year-phone-plan-resolution-save-600-in-2026/","1","Non-Indexable","Canonicalised","https://vouchmobile.com/blog/new-year-phone-plan-resolution-save-600-in-2026/","","","","","","",""
"https://vouch-mobile-site-fz5pc.kinsta.page/blog/best-phone-plans-for-seniors-2026-simple-and-affordable-options/","1","Non-Indexable","Canonicalised","https://vouchmobile.com/blog/best-phone-plans-for-seniors-2026-simple-and-affordable-options/","","","","","","",""
"https://vouch-mobile-site-fz5pc.kinsta.page/blog/best-phone-plans-for-college-students-2026/","1","Non-Indexable","Canonicalised","https://vouchmobile.com/blog/best-phone-plans-for-college-students-2026/","","","","","","",""
"https://vouch-mobile-site-fz5pc.kinsta.page/blog/how-much-data-do-i-need-phone-plan-data-guide/","1","Non-Indexable","Canonicalised","https://vouchmobile.com/blog/how-much-data-do-i-need-phone-plan-data-guide/","","","","","","",""
"https://vouch-mobile-site-fz5pc.kinsta.page/blog/best-phone-plans-for-remote-workers-2026/","1","Non-Indexable","Canonicalised","https://vouchmobile.com/blog/best-phone-plans-for-remote-workers-2026/","","","","","","",""
"https://vouch-mobile-site-fz5pc.kinsta.page/blog/summer-travel-phone-tips-stay-connected-on-vacation/","1","Non-Indexable","Canonicalised","https://vouchmobile.com/blog/summer-travel-phone-tips-stay-connected-on-vacation/","","","","","","",""
"https://vouch-mobile-site-fz5pc.kinsta.page/coverage/ohio/","1","Non-Indexable","Canonicalised","https://vouchmobile.com/coverage/ohio/","","","","","","",""
"https://vouch-mobile-site-fz5pc.kinsta.page/coverage/delaware/","1","Non-Indexable","Canonicalised","https://vouchmobile.com/coverage/delaware/","","","","","","",""
"https://vouch-mobile-site-fz5pc.kinsta.page/coverage/minnesota/","1","Non-Indexable","Canonicalised","https://vouchmobile.com/coverage/minnesota/","","","","","","",""
"https://vouch-mobile-site-fz5pc.kinsta.page/coverage/north-carolina/","1","Non-Indexable","Canonicalised","https://vouchmobile.com/coverage/north-carolina/","","","","","","",""
"https://vouch-mobile-site-fz5pc.kinsta.page/coverage/wyoming/","1","Non-Indexable","Canonicalised","https://vouchmobile.com/coverage/wyoming/","","","","","","",""
"https://vouch-mobile-site-fz5pc.kinsta.page/coverage/nebraska/","1","Non-Indexable","Canonicalised","https://vouchmobile.com/coverage/nebraska/","","","","","","",""
"https://vouch-mobile-site-fz5pc.kinsta.page/coverage/kansas/","1","Non-Indexable","Canonicalised","https://vouchmobile.com/coverage/kansas/","","","","","","",""
"https://vouch-mobile-site-fz5pc.kinsta.page/coverage/rhode-island/","1","Non-Indexable","Canonicalised","https://vouchmobile.com/coverage/rhode-island/","","","","","","",""
"https://vouch-mobile-site-fz5pc.kinsta.page/coverage/georgia/","1","Non-Indexable","Canonicalised","https://vouchmobile.com/coverage/georgia/","","","","","","",""
"https://vouch-mobile-site-fz5pc.kinsta.page/coverage/virginia/","1","Non-Indexable","Canonicalised","https://vouchmobile.com/coverage/virginia/","","","","","","",""
"https://vouch-mobile-site-fz5pc.kinsta.page/coverage/new-mexico/","1","Non-Indexable","Canonicalised","https://vouchmobile.com/coverage/new-mexico/","","","","","","",""
"https://vouch-mobile-site-fz5pc.kinsta.page/coverage/missouri/","1","Non-Indexable","Canonicalised","https://vouchmobile.com/coverage/missouri/","","","","","","",""
"https://vouch-mobile-site-fz5pc.kinsta.page/coverage/west-virginia/","1","Non-Indexable","Canonicalised","https://vouchmobile.com/coverage/west-virginia/","","","","","","",""
"https://vouch-mobile-site-fz5pc.kinsta.page/coverage/california/","1","Non-Indexable","Canonicalised","https://vouchmobile.com/coverage/california/","","","","","","",""
"https://vouch-mobile-site-fz5pc.kinsta.page/coverage/louisiana/","1","Non-Indexable","Canonicalised","https://vouchmobile.com/coverage/louisiana/","","","","","","",""
"https://vouch-mobile-site-fz5pc.kinsta.page/coverage/mississippi/","1","Non-Indexable","Canonicalised","https://vouchmobile.com/coverage/mississippi/","","","","","","",""
"https://vouch-mobile-site-fz5pc.kinsta.page/coverage/nevada/","1","Non-Indexable","Canonicalised","https://vouchmobile.com/coverage/nevada/","","","","","","",""
"https://vouch-mobile-site-fz5pc.kinsta.page/coverage/new-york/","1","Non-Indexable","Canonicalised","https://vouchmobile.com/coverage/new-york/","","","","","","",""
"https://vouch-mobile-site-fz5pc.kinsta.page/coverage/vermont/","1","Non-Indexable","Canonicalised","https://vouchmobile.com/coverage/vermont/","","","","","","",""
"https://vouch-mobile-site-fz5pc.kinsta.page/coverage/texas/","1","Non-Indexable","Canonicalised","https://vouchmobile.com/coverage/texas/","","","","","","",""
"https://vouch-mobile-site-fz5pc.kinsta.page/coverage/alabama/","1","Non-Indexable","Canonicalised","https://vouchmobile.com/coverage/alabama/","","","","","","",""
"https://vouch-mobile-site-fz5pc.kinsta.page/coverage/illinois/","1","Non-Indexable","Canonicalised","https://vouchmobile.com/coverage/illinois/","","","","","","",""
"https://vouch-mobile-site-fz5pc.kinsta.page/coverage/colorado/","1","Non-Indexable","Canonicalised","https://vouchmobile.com/coverage/colorado/","","","","","","",""
"https://vouch-mobile-site-fz5pc.kinsta.page/coverage/michigan/","1","Non-Indexable","Canonicalised","https://vouchmobile.com/coverage/michigan/","","","","","","",""
"https://vouch-mobile-site-fz5pc.kinsta.page/coverage/hawaii/","1","Non-Indexable","Canonicalised","https://vouchmobile.com/coverage/hawaii/","","","","","","",""
"https://vouch-mobile-site-fz5pc.kinsta.page/coverage/alaska/","1","Non-Indexable","Canonicalised","https://vouchmobile.com/coverage/alaska/","","","","","","",""
"https://vouch-mobile-site-fz5pc.kinsta.page/coverage/maine/","1","Non-Indexable","Canonicalised","https://vouchmobile.com/coverage/maine/","","","","","","",""
"https://vouch-mobile-site-fz5pc.kinsta.page/coverage/massachusetts/","1","Non-Indexable","Canonicalised","https://vouchmobile.com/coverage/massachusetts/","","","","","","",""
"https://vouch-mobile-site-fz5pc.kinsta.page/coverage/arizona/","1","Non-Indexable","Canonicalised","https://vouchmobile.com/coverage/arizona/","","","","","","",""
"https://vouch-mobile-site-fz5pc.kinsta.page/coverage/florida/","1","Non-Indexable","Canonicalised","https://vouchmobile.com/coverage/florida/","","","","","","",""
"https://vouch-mobile-site-fz5pc.kinsta.page/coverage/montana/","1","Non-Indexable","Canonicalised","https://vouchmobile.com/coverage/montana/","","","","","","",""
"https://vouch-mobile-site-fz5pc.kinsta.page/coverage/wisconsin/","1","Non-Indexable","Canonicalised","https://vouchmobile.com/coverage/wisconsin/","","","","","","",""
"https://vouch-mobile-site-fz5pc.kinsta.page/coverage/new-hampshire/","1","Non-Indexable","Canonicalised","https://vouchmobile.com/coverage/new-hampshire/","","","","","","",""
"https://vouch-mobile-site-fz5pc.kinsta.page/coverage/north-dakota/","1","Non-Indexable","Canonicalised","https://vouchmobile.com/coverage/north-dakota/","","","","","","",""
"https://vouch-mobile-site-fz5pc.kinsta.page/coverage/south-dakota/","1","Non-Indexable","Canonicalised","https://vouchmobile.com/coverage/south-dakota/","","","","","","",""
"https://vouch-mobile-site-fz5pc.kinsta.page/coverage/pennsylvania/","1","Non-Indexable","Canonicalised","https://vouchmobile.com/coverage/pennsylvania/","","","","","","",""
"https://vouch-mobile-site-fz5pc.kinsta.page/coverage/iowa/","1","Non-Indexable","Canonicalised","https://vouchmobile.com/coverage/iowa/","","","","","","",""
"https://vouch-mobile-site-fz5pc.kinsta.page/coverage/arkansas/","1","Non-Indexable","Canonicalised","https://vouchmobile.com/coverage/arkansas/","","","","","","",""
"https://vouch-mobile-site-fz5pc.kinsta.page/coverage/connecticut/","1","Non-Indexable","Canonicalised","https://vouchmobile.com/coverage/connecticut/","","","","","","",""
"https://vouch-mobile-site-fz5pc.kinsta.page/coverage/idaho/","1","Non-Indexable","Canonicalised","https://vouchmobile.com/coverage/idaho/","","","","","","",""
"https://vouch-mobile-site-fz5pc.kinsta.page/coverage/washington/","1","Non-Indexable","Canonicalised","https://vouchmobile.com/coverage/washington/","","","","","","",""
"https://vouch-mobile-site-fz5pc.kinsta.page/coverage/new-jersey/","1","Non-Indexable","Canonicalised","https://vouchmobile.com/coverage/new-jersey/","","","","","","",""
"https://vouch-mobile-site-fz5pc.kinsta.page/coverage/south-carolina/","1","Non-Indexable","Canonicalised","https://vouchmobile.com/coverage/south-carolina/","","","","","","",""
"https://vouch-mobile-site-fz5pc.kinsta.page/coverage/maryland/","1","Non-Indexable","Canonicalised","https://vouchmobile.com/coverage/maryland/","","","","","","",""
"https://vouch-mobile-site-fz5pc.kinsta.page/coverage/tennessee/","1","Non-Indexable","Canonicalised","https://vouchmobile.com/coverage/tennessee/","","","","","","",""
"https://vouch-mobile-site-fz5pc.kinsta.page/coverage/utah/","1","Non-Indexable","Canonicalised","https://vouchmobile.com/coverage/utah/","","","","","","",""
"https://vouch-mobile-site-fz5pc.kinsta.page/coverage/indiana/","1","Non-Indexable","Canonicalised","https://vouchmobile.com/coverage/indiana/","","","","","","",""
"https://vouch-mobile-site-fz5pc.kinsta.page/coverage/oregon/","1","Non-Indexable","Canonicalised","https://vouchmobile.com/coverage/oregon/","","","","","","",""
"https://vouch-mobile-site-fz5pc.kinsta.page/compare/vouch-vs-boost/","1","Non-Indexable","Canonicalised","https://vouchmobile.com/compare/vouch-vs-boost/","","","","","","",""
"https://vouch-mobile-site-fz5pc.kinsta.page/coverage/oklahoma/","1","Non-Indexable","Canonicalised","https://vouchmobile.com/coverage/oklahoma/","","","","","","",""
"https://vouch-mobile-site-fz5pc.kinsta.page/compare/vouch-vs-t-mobile-prepaid/","1","Non-Indexable","Canonicalised","https://vouchmobile.com/compare/vouch-vs-t-mobile-prepaid/","","","","","","",""
"https://vouch-mobile-site-fz5pc.kinsta.page/compare/vouch-vs-att-prepaid/","1","Non-Indexable","Canonicalised","https://vouchmobile.com/compare/vouch-vs-att-prepaid/","","","","","","",""
"https://vouch-mobile-site-fz5pc.kinsta.page/compare/vouch-vs-tello/","1","Non-Indexable","Canonicalised","https://vouchmobile.com/compare/vouch-vs-tello/","","","","","","",""
"https://vouch-mobile-site-fz5pc.kinsta.page/compare/vouch-vs-straight-talk/","1","Non-Indexable","Canonicalised","https://vouchmobile.com/compare/vouch-vs-straight-talk/","","","","","","",""
"https://vouch-mobile-site-fz5pc.kinsta.page/compare/vouch-vs-verizon-prepaid/","1","Non-Indexable","Canonicalised","https://vouchmobile.com/compare/vouch-vs-verizon-prepaid/","","","","","","",""
"https://vouch-mobile-site-fz5pc.kinsta.page/coverage/kentucky/","1","Non-Indexable","Canonicalised","https://vouchmobile.com/coverage/kentucky/","","","","","","",""
"https://vouch-mobile-site-fz5pc.kinsta.page/blog/phone-plans-for-new-americans-no-ssn-or-credit-required/","1","Non-Indexable","Canonicalised","https://vouchmobile.com/blog/phone-plans-for-new-americans-no-ssn-or-credit-required/","","","","","","",""
"https://vouch-mobile-site-fz5pc.kinsta.page/compare/vouch-vs-google-fi/","1","Non-Indexable","Canonicalised","https://vouchmobile.com/compare/vouch-vs-google-fi/","","","","","","",""
"https://vouch-mobile-site-fz5pc.kinsta.page/compare/vouch-vs-metro/","1","Non-Indexable","Canonicalised","https://vouchmobile.com/compare/vouch-vs-metro/","","","","","","",""
"https://vouch-mobile-site-fz5pc.kinsta.page/blog/back-to-school-phone-plans-2026-student-deals-and-tips/","1","Non-Indexable","Canonicalised","https://vouchmobile.com/blog/back-to-school-phone-plans-2026-student-deals-and-tips/","","","","","","",""
"https://vouch-mobile-site-fz5pc.kinsta.page/learn/5g/","1","Non-Indexable","Canonicalised","https://vouchmobile.com/learn/5g/","","","","","","",""
"https://vouch-mobile-site-fz5pc.kinsta.page/learn/number-porting/","1","Non-Indexable","Canonicalised","https://vouchmobile.com/learn/number-porting/","","","","","","",""
"https://vouch-mobile-site-fz5pc.kinsta.page/learn/wifi-calling/","1","Non-Indexable","Canonicalised","https://vouchmobile.com/learn/wifi-calling/","","","","","","",""
"https://vouch-mobile-site-fz5pc.kinsta.page/learn/hotspot/","1","Non-Indexable","Canonicalised","https://vouchmobile.com/learn/hotspot/","","","","","","",""
"https://vouch-mobile-site-fz5pc.kinsta.page/learn/sim-card-esim/","1","Non-Indexable","Canonicalised","https://vouchmobile.com/learn/sim-card-esim/","","","","","","",""
"https://vouch-mobile-site-fz5pc.kinsta.page/learn/byod/","1","Non-Indexable","Canonicalised","https://vouchmobile.com/learn/byod/","","","","","","",""
"https://vouch-mobile-site-fz5pc.kinsta.page/learn/unlocked-phone/","1","Non-Indexable","Canonicalised","https://vouchmobile.com/learn/unlocked-phone/","","","","","","",""
"https://vouch-mobile-site-fz5pc.kinsta.page/learn/deprioritization/","1","Non-Indexable","Canonicalised","https://vouchmobile.com/learn/deprioritization/","","","","","","",""
"https://vouch-mobile-site-fz5pc.kinsta.page/blog/no-credit-check-phone-plans-your-complete-guide/","1","Non-Indexable","Canonicalised","https://vouchmobile.com/blog/no-credit-check-phone-plans-your-complete-guide/","","","","","","",""
"https://vouch-mobile-site-fz5pc.kinsta.page/blog/phone-plan-trends-2026-whats-changing-in-wireless/","1","Non-Indexable","Canonicalised","https://vouchmobile.com/blog/phone-plan-trends-2026-whats-changing-in-wireless/","","","","","","",""
"https://vouch-mobile-site-fz5pc.kinsta.page/compare/vouch-vs-us-mobile/","1","Non-Indexable","Canonicalised","https://vouchmobile.com/compare/vouch-vs-us-mobile/","","","","","","",""
"https://vouch-mobile-site-fz5pc.kinsta.page/blog/smart-ways-to-use-your-tax-refund-phone-plan-edition/","1","Non-Indexable","Canonicalised","https://vouchmobile.com/blog/smart-ways-to-use-your-tax-refund-phone-plan-edition/","","","","","","",""
"https://vouch-mobile-site-fz5pc.kinsta.page/learn/lte/","1","Non-Indexable","Canonicalised","https://vouchmobile.com/learn/lte/","","","","","","",""
"https://vouch-mobile-site-fz5pc.kinsta.page/learn//","1","Non-Indexable","Canonicalised","https://vouchmobile.com/learn/","","","","","","",""
"https://vouch-mobile-site-fz5pc.kinsta.page/learn/","1","Non-Indexable","Canonicalised","https://vouchmobile.com/learn/","","","","","","",""
"https://vouch-mobile-site-fz5pc.kinsta.page/learn/volte/","1","Non-Indexable","Canonicalised","https://vouchmobile.com/learn/volte/","","","","","","",""
