"Type","Source","Destination","Size (Bytes)"
"Image","https://vouch-mobile-site-fz5pc.kinsta.page/","https://vouch-mobile-site-fz5pc.kinsta.page/images/coverage-map-400w.png","102655"
"Image","https://vouch-mobile-site-fz5pc.kinsta.page/blog/","https://vouch-mobile-site-fz5pc.kinsta.page/images/esim-vs-sim-new-300w.png","170214"
"Image","https://vouch-mobile-site-fz5pc.kinsta.page/blog/","https://vouch-mobile-site-fz5pc.kinsta.page/images/phone-unlocked-new-300w.png","208523"
"Image","https://vouch-mobile-site-fz5pc.kinsta.page/blog/best-phone-plans-for-small-business-owners-2026/","https://vouch-mobile-site-fz5pc.kinsta.page/images/small-business-phone-plans-600w.png","135525"
"Image","https://vouch-mobile-site-fz5pc.kinsta.page/blog/prepaid-vs-postpaid-plans-which-is-better-in-2026/","https://vouch-mobile-site-fz5pc.kinsta.page/images/prepaid-vs-postpaid-600w.png","176099"
"Image","https://vouch-mobile-site-fz5pc.kinsta.page/blog/how-to-port-your-phone-number-complete-guide-2026/","https://vouch-mobile-site-fz5pc.kinsta.page/images/port-phone-number-600w.png","145772"
"Image","https://vouch-mobile-site-fz5pc.kinsta.page/blog/esim-vs-physical-sim-which-is-right-for-you/","https://vouch-mobile-site-fz5pc.kinsta.page/images/esim-vs-sim-new-600w.png","668919"
"Image","https://vouch-mobile-site-fz5pc.kinsta.page/blog/best-phone-plans-for-travelers-2026/","https://vouch-mobile-site-fz5pc.kinsta.page/images/traveler-phone-plans-600w.png","125044"
"Image","https://vouch-mobile-site-fz5pc.kinsta.page/blog/first-phone-plan-guide-what-to-know-before-you-sign-up/","https://vouch-mobile-site-fz5pc.kinsta.page/images/first-phone-plan-600w.png","124309"
"Image","https://vouch-mobile-site-fz5pc.kinsta.page/blog/how-to-switch-phone-carriers-without-losing-your-number/","https://vouch-mobile-site-fz5pc.kinsta.page/images/switch-carriers-600w.png","239583"
"Image","https://vouch-mobile-site-fz5pc.kinsta.page/blog/family-phone-plan-alternatives-save-without-the-big-carrier/","https://vouch-mobile-site-fz5pc.kinsta.page/images/family-plan-alternatives-600w.png","127543"
"Image","https://vouch-mobile-site-fz5pc.kinsta.page/blog/best-phones-for-prepaid-plans-2026-top-10-unlocked-phones/","https://vouch-mobile-site-fz5pc.kinsta.page/images/best-phones-prepaid-600w.png","114698"
"Image","https://vouch-mobile-site-fz5pc.kinsta.page/blog/how-to-unlock-your-phone-carrier-unlock-guide-2026/","https://vouch-mobile-site-fz5pc.kinsta.page/images/unlock-phone-600w.png","141906"
"Image","https://vouch-mobile-site-fz5pc.kinsta.page/blog/25-budget-phone-tips-save-money-without-sacrificing-quality/","https://vouch-mobile-site-fz5pc.kinsta.page/images/budget-phone-tips-600w.png","111260"
"Image","https://vouch-mobile-site-fz5pc.kinsta.page/blog/how-to-check-if-your-phone-is-unlocked/","https://vouch-mobile-site-fz5pc.kinsta.page/images/phone-unlocked-new-600w.png","793893"
"Image","https://vouch-mobile-site-fz5pc.kinsta.page/blog/gift-a-phone-plan-the-perfect-present-for-any-occasion/","https://vouch-mobile-site-fz5pc.kinsta.page/images/gift-phone-plan-600w.png","194647"
"Image","https://vouch-mobile-site-fz5pc.kinsta.page/blog/best-phone-plans-for-parents-and-kids-2026/","https://vouch-mobile-site-fz5pc.kinsta.page/images/parent-phone-plans-600w.png","106081"
"Image","https://vouch-mobile-site-fz5pc.kinsta.page/blog/best-phone-plans-for-gig-workers-uber-doordash-and-more/","https://vouch-mobile-site-fz5pc.kinsta.page/images/gig-worker-phone-plans-600w.png","124031"
"Image","https://vouch-mobile-site-fz5pc.kinsta.page/blog/best-phone-plans-for-college-students-2026/","https://vouch-mobile-site-fz5pc.kinsta.page/images/college-student-phone-plans-600w.png","226612"
"Image","https://vouch-mobile-site-fz5pc.kinsta.page/blog/black-friday-phone-plan-deals-2026-best-carrier-discounts/","https://vouch-mobile-site-fz5pc.kinsta.page/images/black-friday-phone-deals-600w.png","205021"
"Image","https://vouch-mobile-site-fz5pc.kinsta.page/blog/how-to-save-money-on-your-phone-bill-15-proven-tips/","https://vouch-mobile-site-fz5pc.kinsta.page/images/save-money-phone-bill-600w.png","170269"
"Image","https://vouch-mobile-site-fz5pc.kinsta.page/blog/phone-plans-for-bad-credit-no-credit-check-options-2026/","https://vouch-mobile-site-fz5pc.kinsta.page/images/phone-plans-bad-credit-600w.png","117722"
"Image","https://vouch-mobile-site-fz5pc.kinsta.page/blog/what-is-an-mvno-everything-you-need-to-know/","https://vouch-mobile-site-fz5pc.kinsta.page/images/mvno-600w.png","342742"
"Image","https://vouch-mobile-site-fz5pc.kinsta.page/blog/new-year-phone-plan-resolution-save-600-in-2026/","https://vouch-mobile-site-fz5pc.kinsta.page/images/new-year-phone-savings-600w.png","229994"
"Image","https://vouch-mobile-site-fz5pc.kinsta.page/blog/best-phone-plans-for-seniors-2026-simple-and-affordable-options/","https://vouch-mobile-site-fz5pc.kinsta.page/images/phone-plans-seniors-600w.png","128683"
"Image","https://vouch-mobile-site-fz5pc.kinsta.page/blog/how-much-data-do-i-need-phone-plan-data-guide/","https://vouch-mobile-site-fz5pc.kinsta.page/images/phone-plan-data-explained-600w.png","180290"
"Image","https://vouch-mobile-site-fz5pc.kinsta.page/blog/summer-travel-phone-tips-stay-connected-on-vacation/","https://vouch-mobile-site-fz5pc.kinsta.page/images/summer-travel-phone-600w.png","388784"
"Image","https://vouch-mobile-site-fz5pc.kinsta.page/coverage/ohio/","https://vouch-mobile-site-fz5pc.kinsta.page/images/ohio-600w.png","729992"
"Image","https://vouch-mobile-site-fz5pc.kinsta.page/coverage/delaware/","https://vouch-mobile-site-fz5pc.kinsta.page/images/delaware-600w.png","500268"
"Image","https://vouch-mobile-site-fz5pc.kinsta.page/coverage/minnesota/","https://vouch-mobile-site-fz5pc.kinsta.page/images/minnesota-600w.png","479608"
"Image","https://vouch-mobile-site-fz5pc.kinsta.page/coverage/kansas/","https://vouch-mobile-site-fz5pc.kinsta.page/images/kansas-600w.png","521618"
"Image","https://vouch-mobile-site-fz5pc.kinsta.page/coverage/north-carolina/","https://vouch-mobile-site-fz5pc.kinsta.page/images/north-carolina-600w.png","827565"
"Image","https://vouch-mobile-site-fz5pc.kinsta.page/coverage/wyoming/","https://vouch-mobile-site-fz5pc.kinsta.page/images/wyoming-600w.png","532080"
"Image","https://vouch-mobile-site-fz5pc.kinsta.page/coverage/nebraska/","https://vouch-mobile-site-fz5pc.kinsta.page/images/nebraska-600w.png","479231"
"Image","https://vouch-mobile-site-fz5pc.kinsta.page/coverage/new-mexico/","https://vouch-mobile-site-fz5pc.kinsta.page/images/new-mexico-600w.png","402210"
"Image","https://vouch-mobile-site-fz5pc.kinsta.page/coverage/rhode-island/","https://vouch-mobile-site-fz5pc.kinsta.page/images/rhode-island-600w.png","499167"
"Image","https://vouch-mobile-site-fz5pc.kinsta.page/coverage/georgia/","https://vouch-mobile-site-fz5pc.kinsta.page/images/georgia-600w.png","999817"
"Image","https://vouch-mobile-site-fz5pc.kinsta.page/coverage/virginia/","https://vouch-mobile-site-fz5pc.kinsta.page/images/virginia-600w.png","671436"
"Image","https://vouch-mobile-site-fz5pc.kinsta.page/coverage/missouri/","https://vouch-mobile-site-fz5pc.kinsta.page/images/missouri-600w.png","515043"
"Image","https://vouch-mobile-site-fz5pc.kinsta.page/coverage/west-virginia/","https://vouch-mobile-site-fz5pc.kinsta.page/images/west-virginia-600w.png","482225"
"Image","https://vouch-mobile-site-fz5pc.kinsta.page/coverage/vermont/","https://vouch-mobile-site-fz5pc.kinsta.page/images/vermont-600w.png","476534"
"Image","https://vouch-mobile-site-fz5pc.kinsta.page/coverage/mississippi/","https://vouch-mobile-site-fz5pc.kinsta.page/images/mississippi-600w.png","504898"
"Image","https://vouch-mobile-site-fz5pc.kinsta.page/coverage/louisiana/","https://vouch-mobile-site-fz5pc.kinsta.page/images/louisiana-600w.png","512518"
"Image","https://vouch-mobile-site-fz5pc.kinsta.page/coverage/nevada/","https://vouch-mobile-site-fz5pc.kinsta.page/images/nevada-600w.png","517035"
"Image","https://vouch-mobile-site-fz5pc.kinsta.page/coverage/michigan/","https://vouch-mobile-site-fz5pc.kinsta.page/images/michigan-600w.png","695574"
"Image","https://vouch-mobile-site-fz5pc.kinsta.page/coverage/alabama/","https://vouch-mobile-site-fz5pc.kinsta.page/images/alabama-600w.png","505206"
"Image","https://vouch-mobile-site-fz5pc.kinsta.page/coverage/illinois/","https://vouch-mobile-site-fz5pc.kinsta.page/images/illinois-600w.png","698474"
"Image","https://vouch-mobile-site-fz5pc.kinsta.page/coverage/hawaii/","https://vouch-mobile-site-fz5pc.kinsta.page/images/hawaii-600w.png","511549"
"Image","https://vouch-mobile-site-fz5pc.kinsta.page/coverage/colorado/","https://vouch-mobile-site-fz5pc.kinsta.page/images/colorado-600w.png","751343"
"Image","https://vouch-mobile-site-fz5pc.kinsta.page/coverage/alaska/","https://vouch-mobile-site-fz5pc.kinsta.page/images/alaska-600w.png","472379"
"Image","https://vouch-mobile-site-fz5pc.kinsta.page/coverage/montana/","https://vouch-mobile-site-fz5pc.kinsta.page/images/montana-600w.png","489155"
"Image","https://vouch-mobile-site-fz5pc.kinsta.page/coverage/massachusetts/","https://vouch-mobile-site-fz5pc.kinsta.page/images/massachusetts-600w.png","811181"
"Image","https://vouch-mobile-site-fz5pc.kinsta.page/coverage/maine/","https://vouch-mobile-site-fz5pc.kinsta.page/images/maine-600w.png","511252"
"Image","https://vouch-mobile-site-fz5pc.kinsta.page/coverage/arizona/","https://vouch-mobile-site-fz5pc.kinsta.page/images/arizona-600w.png","816008"
"Image","https://vouch-mobile-site-fz5pc.kinsta.page/coverage/arkansas/","https://vouch-mobile-site-fz5pc.kinsta.page/images/arkansas-600w.png","498001"
"Image","https://vouch-mobile-site-fz5pc.kinsta.page/coverage/wisconsin/","https://vouch-mobile-site-fz5pc.kinsta.page/images/wisconsin-600w.png","509125"
"Image","https://vouch-mobile-site-fz5pc.kinsta.page/coverage/new-hampshire/","https://vouch-mobile-site-fz5pc.kinsta.page/images/new-hampshire-600w.png","487212"
"Image","https://vouch-mobile-site-fz5pc.kinsta.page/coverage/south-dakota/","https://vouch-mobile-site-fz5pc.kinsta.page/images/south-dakota-600w.png","517336"
"Image","https://vouch-mobile-site-fz5pc.kinsta.page/coverage/north-dakota/","https://vouch-mobile-site-fz5pc.kinsta.page/images/north-dakota-600w.png","447356"
"Image","https://vouch-mobile-site-fz5pc.kinsta.page/coverage/pennsylvania/","https://vouch-mobile-site-fz5pc.kinsta.page/images/pennsylvania-600w.png","725676"
"Image","https://vouch-mobile-site-fz5pc.kinsta.page/coverage/iowa/","https://vouch-mobile-site-fz5pc.kinsta.page/images/iowa-600w.png","520689"
"Image","https://vouch-mobile-site-fz5pc.kinsta.page/coverage/connecticut/","https://vouch-mobile-site-fz5pc.kinsta.page/images/connecticut-600w.png","505242"
"Image","https://vouch-mobile-site-fz5pc.kinsta.page/coverage/idaho/","https://vouch-mobile-site-fz5pc.kinsta.page/images/idaho-600w.png","471525"
"Image","https://vouch-mobile-site-fz5pc.kinsta.page/coverage/washington/","https://vouch-mobile-site-fz5pc.kinsta.page/images/washington-600w.png","688928"
"Image","https://vouch-mobile-site-fz5pc.kinsta.page/coverage/maryland/","https://vouch-mobile-site-fz5pc.kinsta.page/images/maryland-600w.png","534692"
"Image","https://vouch-mobile-site-fz5pc.kinsta.page/coverage/new-jersey/","https://vouch-mobile-site-fz5pc.kinsta.page/images/new-jersey-600w.png","725480"
"Image","https://vouch-mobile-site-fz5pc.kinsta.page/coverage/south-carolina/","https://vouch-mobile-site-fz5pc.kinsta.page/images/south-carolina-600w.png","494709"
"Image","https://vouch-mobile-site-fz5pc.kinsta.page/coverage/utah/","https://vouch-mobile-site-fz5pc.kinsta.page/images/utah-600w.png","464349"
"Image","https://vouch-mobile-site-fz5pc.kinsta.page/coverage/indiana/","https://vouch-mobile-site-fz5pc.kinsta.page/images/indiana-600w.png","511121"
"Image","https://vouch-mobile-site-fz5pc.kinsta.page/coverage/tennessee/","https://vouch-mobile-site-fz5pc.kinsta.page/images/tennessee-600w.png","516974"
"Image","https://vouch-mobile-site-fz5pc.kinsta.page/coverage/oregon/","https://vouch-mobile-site-fz5pc.kinsta.page/images/oregon-600w.png","491773"
"Image","https://vouch-mobile-site-fz5pc.kinsta.page/coverage/oklahoma/","https://vouch-mobile-site-fz5pc.kinsta.page/images/oklahoma-600w.png","490050"
"Image","https://vouch-mobile-site-fz5pc.kinsta.page/coverage/kentucky/","https://vouch-mobile-site-fz5pc.kinsta.page/images/kentucky-600w.png","482327"
"Image","https://vouch-mobile-site-fz5pc.kinsta.page/blog/phone-plans-for-new-americans-no-ssn-or-credit-required/","https://vouch-mobile-site-fz5pc.kinsta.page/images/new-americans-phone-plans-600w.png","135369"
"Image","https://vouch-mobile-site-fz5pc.kinsta.page/blog/no-credit-check-phone-plans-your-complete-guide/","https://vouch-mobile-site-fz5pc.kinsta.page/images/no-credit-check-600w.png","183344"
"Image","https://vouch-mobile-site-fz5pc.kinsta.page/blog/smart-ways-to-use-your-tax-refund-phone-plan-edition/","https://vouch-mobile-site-fz5pc.kinsta.page/images/tax-refund-phone-600w.png","196777"
"Image","https://vouch-mobile-site-fz5pc.kinsta.page/blog/phone-plan-trends-2026-whats-changing-in-wireless/","https://vouch-mobile-site-fz5pc.kinsta.page/images/2026-phone-plan-trends-600w.png","222545"
"Image","https://vouch-mobile-site-fz5pc.kinsta.page/blog/back-to-school-phone-plans-2026-student-deals-and-tips/","https://vouch-mobile-site-fz5pc.kinsta.page/images/back-to-school-phone-600w.png","215410"
