"Address","Content Type","IMG Inlinks","Indexability","Indexability Status","Dimensions"
"https://vouch-mobile-site-fz5pc.kinsta.page/images/coverage-map-400w.png","image/png","1","Indexable","",""
"https://vouch-mobile-site-fz5pc.kinsta.page/images/esim-vs-sim-new-300w.png","image/png","1","Indexable","",""
"https://vouch-mobile-site-fz5pc.kinsta.page/images/phone-unlocked-new-300w.png","image/png","1","Indexable","",""
"https://vouch-mobile-site-fz5pc.kinsta.page/images/small-business-phone-plans-600w.png","image/png","1","Indexable","",""
"https://vouch-mobile-site-fz5pc.kinsta.page/images/prepaid-vs-postpaid-600w.png","image/png","1","Indexable","",""
"https://vouch-mobile-site-fz5pc.kinsta.page/images/port-phone-number-600w.png","image/png","1","Indexable","",""
"https://vouch-mobile-site-fz5pc.kinsta.page/images/esim-vs-sim-new-600w.png","image/png","1","Indexable","",""
"https://vouch-mobile-site-fz5pc.kinsta.page/images/traveler-phone-plans-600w.png","image/png","1","Indexable","",""
"https://vouch-mobile-site-fz5pc.kinsta.page/images/first-phone-plan-600w.png","image/png","1","Indexable","",""
"https://vouch-mobile-site-fz5pc.kinsta.page/images/switch-carriers-600w.png","image/png","1","Indexable","",""
"https://vouch-mobile-site-fz5pc.kinsta.page/images/family-plan-alternatives-600w.png","image/png","1","Indexable","",""
"https://vouch-mobile-site-fz5pc.kinsta.page/images/best-phones-prepaid-600w.png","image/png","1","Indexable","",""
"https://vouch-mobile-site-fz5pc.kinsta.page/images/unlock-phone-600w.png","image/png","1","Indexable","",""
"https://vouch-mobile-site-fz5pc.kinsta.page/images/budget-phone-tips-600w.png","image/png","1","Indexable","",""
"https://vouch-mobile-site-fz5pc.kinsta.page/images/phone-unlocked-new-600w.png","image/png","1","Indexable","",""
"https://vouch-mobile-site-fz5pc.kinsta.page/images/gift-phone-plan-600w.png","image/png","1","Indexable","",""
"https://vouch-mobile-site-fz5pc.kinsta.page/images/parent-phone-plans-600w.png","image/png","1","Indexable","",""
"https://vouch-mobile-site-fz5pc.kinsta.page/images/gig-worker-phone-plans-600w.png","image/png","1","Indexable","",""
"https://vouch-mobile-site-fz5pc.kinsta.page/images/college-student-phone-plans-600w.png","image/png","1","Indexable","",""
"https://vouch-mobile-site-fz5pc.kinsta.page/images/black-friday-phone-deals-600w.png","image/png","1","Indexable","",""
"https://vouch-mobile-site-fz5pc.kinsta.page/images/save-money-phone-bill-600w.png","image/png","1","Indexable","",""
"https://vouch-mobile-site-fz5pc.kinsta.page/images/phone-plans-bad-credit-600w.png","image/png","1","Indexable","",""
"https://vouch-mobile-site-fz5pc.kinsta.page/images/mvno-600w.png","image/png","1","Indexable","",""
"https://vouch-mobile-site-fz5pc.kinsta.page/images/new-year-phone-savings-600w.png","image/png","1","Indexable","",""
"https://vouch-mobile-site-fz5pc.kinsta.page/images/phone-plans-seniors-600w.png","image/png","1","Indexable","",""
"https://vouch-mobile-site-fz5pc.kinsta.page/images/phone-plan-data-explained-600w.png","image/png","1","Indexable","",""
"https://vouch-mobile-site-fz5pc.kinsta.page/images/summer-travel-phone-600w.png","image/png","1","Indexable","",""
"https://vouch-mobile-site-fz5pc.kinsta.page/images/ohio-600w.png","image/png","1","Indexable","",""
"https://vouch-mobile-site-fz5pc.kinsta.page/images/delaware-600w.png","image/png","1","Indexable","",""
"https://vouch-mobile-site-fz5pc.kinsta.page/images/minnesota-600w.png","image/png","1","Indexable","",""
"https://vouch-mobile-site-fz5pc.kinsta.page/images/kansas-600w.png","image/png","1","Indexable","",""
"https://vouch-mobile-site-fz5pc.kinsta.page/images/north-carolina-600w.png","image/png","1","Indexable","",""
"https://vouch-mobile-site-fz5pc.kinsta.page/images/wyoming-600w.png","image/png","1","Indexable","",""
"https://vouch-mobile-site-fz5pc.kinsta.page/images/nebraska-600w.png","image/png","1","Indexable","",""
"https://vouch-mobile-site-fz5pc.kinsta.page/images/new-mexico-600w.png","image/png","1","Indexable","",""
"https://vouch-mobile-site-fz5pc.kinsta.page/images/rhode-island-600w.png","image/png","1","Indexable","",""
"https://vouch-mobile-site-fz5pc.kinsta.page/images/georgia-600w.png","image/png","1","Indexable","",""
"https://vouch-mobile-site-fz5pc.kinsta.page/images/virginia-600w.png","image/png","1","Indexable","",""
"https://vouch-mobile-site-fz5pc.kinsta.page/images/missouri-600w.png","image/png","1","Indexable","",""
"https://vouch-mobile-site-fz5pc.kinsta.page/images/west-virginia-600w.png","image/png","1","Indexable","",""
"https://vouch-mobile-site-fz5pc.kinsta.page/images/vermont-600w.png","image/png","1","Indexable","",""
"https://vouch-mobile-site-fz5pc.kinsta.page/images/mississippi-600w.png","image/png","1","Indexable","",""
"https://vouch-mobile-site-fz5pc.kinsta.page/images/louisiana-600w.png","image/png","1","Indexable","",""
"https://vouch-mobile-site-fz5pc.kinsta.page/images/nevada-600w.png","image/png","1","Indexable","",""
"https://vouch-mobile-site-fz5pc.kinsta.page/images/michigan-600w.png","image/png","1","Indexable","",""
"https://vouch-mobile-site-fz5pc.kinsta.page/images/alabama-600w.png","image/png","1","Indexable","",""
"https://vouch-mobile-site-fz5pc.kinsta.page/images/illinois-600w.png","image/png","1","Indexable","",""
"https://vouch-mobile-site-fz5pc.kinsta.page/images/hawaii-600w.png","image/png","1","Indexable","",""
"https://vouch-mobile-site-fz5pc.kinsta.page/images/colorado-600w.png","image/png","1","Indexable","",""
"https://vouch-mobile-site-fz5pc.kinsta.page/images/alaska-600w.png","image/png","1","Indexable","",""
"https://vouch-mobile-site-fz5pc.kinsta.page/images/montana-600w.png","image/png","1","Indexable","",""
"https://vouch-mobile-site-fz5pc.kinsta.page/images/massachusetts-600w.png","image/png","1","Indexable","",""
"https://vouch-mobile-site-fz5pc.kinsta.page/images/maine-600w.png","image/png","1","Indexable","",""
"https://vouch-mobile-site-fz5pc.kinsta.page/images/arizona-600w.png","image/png","1","Indexable","",""
"https://vouch-mobile-site-fz5pc.kinsta.page/images/arkansas-600w.png","image/png","1","Indexable","",""
"https://vouch-mobile-site-fz5pc.kinsta.page/images/wisconsin-600w.png","image/png","1","Indexable","",""
"https://vouch-mobile-site-fz5pc.kinsta.page/images/new-hampshire-600w.png","image/png","1","Indexable","",""
"https://vouch-mobile-site-fz5pc.kinsta.page/images/south-dakota-600w.png","image/png","1","Indexable","",""
"https://vouch-mobile-site-fz5pc.kinsta.page/images/north-dakota-600w.png","image/png","1","Indexable","",""
"https://vouch-mobile-site-fz5pc.kinsta.page/images/pennsylvania-600w.png","image/png","1","Indexable","",""
"https://vouch-mobile-site-fz5pc.kinsta.page/images/iowa-600w.png","image/png","1","Indexable","",""
"https://vouch-mobile-site-fz5pc.kinsta.page/images/connecticut-600w.png","image/png","1","Indexable","",""
"https://vouch-mobile-site-fz5pc.kinsta.page/images/idaho-600w.png","image/png","1","Indexable","",""
"https://vouch-mobile-site-fz5pc.kinsta.page/images/washington-600w.png","image/png","1","Indexable","",""
"https://vouch-mobile-site-fz5pc.kinsta.page/images/maryland-600w.png","image/png","1","Indexable","",""
"https://vouch-mobile-site-fz5pc.kinsta.page/images/new-jersey-600w.png","image/png","1","Indexable","",""
"https://vouch-mobile-site-fz5pc.kinsta.page/images/south-carolina-600w.png","image/png","1","Indexable","",""
"https://vouch-mobile-site-fz5pc.kinsta.page/images/utah-600w.png","image/png","1","Indexable","",""
"https://vouch-mobile-site-fz5pc.kinsta.page/images/indiana-600w.png","image/png","1","Indexable","",""
"https://vouch-mobile-site-fz5pc.kinsta.page/images/tennessee-600w.png","image/png","1","Indexable","",""
"https://vouch-mobile-site-fz5pc.kinsta.page/images/oregon-600w.png","image/png","1","Indexable","",""
"https://vouch-mobile-site-fz5pc.kinsta.page/images/oklahoma-600w.png","image/png","1","Indexable","",""
"https://vouch-mobile-site-fz5pc.kinsta.page/images/kentucky-600w.png","image/png","1","Indexable","",""
"https://vouch-mobile-site-fz5pc.kinsta.page/images/new-americans-phone-plans-600w.png","image/png","1","Indexable","",""
"https://vouch-mobile-site-fz5pc.kinsta.page/images/no-credit-check-600w.png","image/png","1","Indexable","",""
"https://vouch-mobile-site-fz5pc.kinsta.page/images/tax-refund-phone-600w.png","image/png","1","Indexable","",""
"https://vouch-mobile-site-fz5pc.kinsta.page/images/2026-phone-plan-trends-600w.png","image/png","1","Indexable","",""
"https://vouch-mobile-site-fz5pc.kinsta.page/images/back-to-school-phone-600w.png","image/png","1","Indexable","",""
