"Address","Indexability","Indexability Status","Crawl Depth","Link Score","Inlinks","Unique Inlinks","Unique JS Inlinks","% of Total","Outlinks","Unique Outlinks","Unique JS Outlinks","External Outlinks","Unique External Outlinks","Unique External JS Outlinks"
"https://vouch-mobile-site-fz5pc.kinsta.page/contact/","Non-Indexable","Canonicalised","1","","113","112","0","100.000","14","7","0","11","7","0"
"https://vouch-mobile-site-fz5pc.kinsta.page/coverage/kentucky/","Non-Indexable","Canonicalised","2","","2","2","0","1.790","24","12","0","11","8","0"
"https://vouch-mobile-site-fz5pc.kinsta.page/coverage/oklahoma/","Non-Indexable","Canonicalised","2","","2","2","0","1.790","24","12","0","11","8","0"
"https://vouch-mobile-site-fz5pc.kinsta.page/coverage/oregon/","Non-Indexable","Canonicalised","2","","2","2","0","1.790","24","12","0","11","8","0"
"https://vouch-mobile-site-fz5pc.kinsta.page/coverage/tennessee/","Non-Indexable","Canonicalised","2","","2","2","0","1.790","24","12","0","11","8","0"
"https://vouch-mobile-site-fz5pc.kinsta.page/coverage/utah/","Non-Indexable","Canonicalised","2","","2","2","0","1.790","24","12","0","11","8","0"
"https://vouch-mobile-site-fz5pc.kinsta.page/coverage/indiana/","Non-Indexable","Canonicalised","2","","2","2","0","1.790","24","12","0","11","8","0"
"https://vouch-mobile-site-fz5pc.kinsta.page/coverage/south-carolina/","Non-Indexable","Canonicalised","2","","2","2","0","1.790","24","12","0","11","8","0"
"https://vouch-mobile-site-fz5pc.kinsta.page/coverage/maryland/","Non-Indexable","Canonicalised","2","","2","2","0","1.790","24","12","0","11","8","0"
"https://vouch-mobile-site-fz5pc.kinsta.page/coverage/new-jersey/","Non-Indexable","Canonicalised","2","","2","2","0","1.790","24","12","0","11","8","0"
"https://vouch-mobile-site-fz5pc.kinsta.page/coverage/washington/","Non-Indexable","Canonicalised","2","","2","2","0","1.790","24","12","0","11","8","0"
"https://vouch-mobile-site-fz5pc.kinsta.page/coverage/idaho/","Non-Indexable","Canonicalised","2","","2","2","0","1.790","24","12","0","11","8","0"
"https://vouch-mobile-site-fz5pc.kinsta.page/coverage/connecticut/","Non-Indexable","Canonicalised","2","","2","2","0","1.790","24","12","0","11","8","0"
"https://vouch-mobile-site-fz5pc.kinsta.page/coverage/iowa/","Non-Indexable","Canonicalised","2","","2","2","0","1.790","24","12","0","11","8","0"
"https://vouch-mobile-site-fz5pc.kinsta.page/coverage/pennsylvania/","Non-Indexable","Canonicalised","2","","2","2","0","1.790","24","12","0","11","8","0"
"https://vouch-mobile-site-fz5pc.kinsta.page/coverage/south-dakota/","Non-Indexable","Canonicalised","2","","2","2","0","1.790","24","12","0","11","8","0"
"https://vouch-mobile-site-fz5pc.kinsta.page/coverage/north-dakota/","Non-Indexable","Canonicalised","2","","2","2","0","1.790","24","12","0","11","8","0"
"https://vouch-mobile-site-fz5pc.kinsta.page/coverage/new-hampshire/","Non-Indexable","Canonicalised","2","","2","2","0","1.790","24","12","0","11","8","0"
"https://vouch-mobile-site-fz5pc.kinsta.page/coverage/wisconsin/","Non-Indexable","Canonicalised","2","","2","2","0","1.790","24","12","0","11","8","0"
"https://vouch-mobile-site-fz5pc.kinsta.page/coverage/arkansas/","Non-Indexable","Canonicalised","2","","2","2","0","1.790","24","12","0","11","8","0"
"https://vouch-mobile-site-fz5pc.kinsta.page/coverage/arizona/","Non-Indexable","Canonicalised","2","","2","2","0","1.790","24","12","0","11","8","0"
"https://vouch-mobile-site-fz5pc.kinsta.page/coverage/florida/","Non-Indexable","Canonicalised","2","","3","2","0","1.790","24","12","0","11","8","0"
"https://vouch-mobile-site-fz5pc.kinsta.page/coverage/massachusetts/","Non-Indexable","Canonicalised","2","","2","2","0","1.790","24","12","0","11","8","0"
"https://vouch-mobile-site-fz5pc.kinsta.page/coverage/maine/","Non-Indexable","Canonicalised","2","","2","2","0","1.790","24","12","0","11","8","0"
"https://vouch-mobile-site-fz5pc.kinsta.page/coverage/alaska/","Non-Indexable","Canonicalised","2","","2","2","0","1.790","24","12","0","11","8","0"
"https://vouch-mobile-site-fz5pc.kinsta.page/coverage/montana/","Non-Indexable","Canonicalised","2","","2","2","0","1.790","24","12","0","11","8","0"
"https://vouch-mobile-site-fz5pc.kinsta.page/coverage/hawaii/","Non-Indexable","Canonicalised","2","","2","2","0","1.790","24","12","0","11","8","0"
"https://vouch-mobile-site-fz5pc.kinsta.page/coverage/colorado/","Non-Indexable","Canonicalised","2","","2","2","0","1.790","24","12","0","11","8","0"
"https://vouch-mobile-site-fz5pc.kinsta.page/coverage/illinois/","Non-Indexable","Canonicalised","2","","2","2","0","1.790","24","12","0","11","8","0"
"https://vouch-mobile-site-fz5pc.kinsta.page/coverage/alabama/","Non-Indexable","Canonicalised","2","","2","2","0","1.790","24","12","0","11","8","0"
"https://vouch-mobile-site-fz5pc.kinsta.page/coverage/texas/","Non-Indexable","Canonicalised","2","","3","2","0","1.790","24","12","0","11","8","0"
"https://vouch-mobile-site-fz5pc.kinsta.page/coverage/new-york/","Non-Indexable","Canonicalised","2","","3","2","0","1.790","24","12","0","11","8","0"
"https://vouch-mobile-site-fz5pc.kinsta.page/coverage/michigan/","Non-Indexable","Canonicalised","2","","2","2","0","1.790","24","12","0","11","8","0"
"https://vouch-mobile-site-fz5pc.kinsta.page/coverage/nevada/","Non-Indexable","Canonicalised","2","","2","2","0","1.790","24","12","0","11","8","0"
"https://vouch-mobile-site-fz5pc.kinsta.page/coverage/mississippi/","Non-Indexable","Canonicalised","2","","2","2","0","1.790","24","12","0","11","8","0"
"https://vouch-mobile-site-fz5pc.kinsta.page/coverage/louisiana/","Non-Indexable","Canonicalised","2","","2","2","0","1.790","24","12","0","11","8","0"
"https://vouch-mobile-site-fz5pc.kinsta.page/coverage/vermont/","Non-Indexable","Canonicalised","2","","2","2","0","1.790","24","12","0","11","8","0"
"https://vouch-mobile-site-fz5pc.kinsta.page/coverage/california/","Non-Indexable","Canonicalised","2","","3","2","0","1.790","24","12","0","11","8","0"
"https://vouch-mobile-site-fz5pc.kinsta.page/coverage/west-virginia/","Non-Indexable","Canonicalised","2","","2","2","0","1.790","24","12","0","11","8","0"
"https://vouch-mobile-site-fz5pc.kinsta.page/coverage/missouri/","Non-Indexable","Canonicalised","2","","2","2","0","1.790","24","12","0","11","8","0"
"https://vouch-mobile-site-fz5pc.kinsta.page/coverage/virginia/","Non-Indexable","Canonicalised","2","","2","2","0","1.790","24","12","0","11","8","0"
"https://vouch-mobile-site-fz5pc.kinsta.page/coverage/georgia/","Non-Indexable","Canonicalised","2","","2","2","0","1.790","24","12","0","11","8","0"
"https://vouch-mobile-site-fz5pc.kinsta.page/coverage/rhode-island/","Non-Indexable","Canonicalised","2","","2","2","0","1.790","24","12","0","11","8","0"
"https://vouch-mobile-site-fz5pc.kinsta.page/coverage/nebraska/","Non-Indexable","Canonicalised","2","","2","2","0","1.790","24","12","0","11","8","0"
"https://vouch-mobile-site-fz5pc.kinsta.page/coverage/wyoming/","Non-Indexable","Canonicalised","2","","2","2","0","1.790","24","12","0","11","8","0"
"https://vouch-mobile-site-fz5pc.kinsta.page/coverage/new-mexico/","Non-Indexable","Canonicalised","2","","2","2","0","1.790","24","12","0","11","8","0"
"https://vouch-mobile-site-fz5pc.kinsta.page/coverage/kansas/","Non-Indexable","Canonicalised","2","","2","2","0","1.790","24","12","0","11","8","0"
"https://vouch-mobile-site-fz5pc.kinsta.page/coverage/north-carolina/","Non-Indexable","Canonicalised","2","","2","2","0","1.790","24","12","0","11","8","0"
"https://vouch-mobile-site-fz5pc.kinsta.page/coverage/minnesota/","Non-Indexable","Canonicalised","2","","2","2","0","1.790","24","12","0","11","8","0"
"https://vouch-mobile-site-fz5pc.kinsta.page/coverage/delaware/","Non-Indexable","Canonicalised","2","","2","2","0","1.790","24","12","0","11","8","0"
"https://vouch-mobile-site-fz5pc.kinsta.page/coverage/ohio/","Non-Indexable","Canonicalised","2","","2","2","0","1.790","24","12","0","11","8","0"
