"Address","Content Type","Status Code","Status","Indexability","Indexability Status","Inlinks","Response Time","Redirect URL","Redirect Type"
"https://vouchmobile.com/help","text/html; charset=UTF-8","405","Not Allowed","Non-Indexable","Client Error","113","0.026","",""
"https://vouchmobile.com/terms","text/html; charset=UTF-8","405","Not Allowed","Non-Indexable","Client Error","112","0.030","",""
"https://vouchmobile.com/","text/html; charset=UTF-8","405","Not Allowed","Non-Indexable","Client Error","351","0.031","",""
"https://vouchmobile.com/broadband-facts","text/html; charset=UTF-8","405","Not Allowed","Non-Indexable","Client Error","112","0.024","",""
"https://vouchmobile.com/privacy","text/html; charset=UTF-8","405","Not Allowed","Non-Indexable","Client Error","112","0.026","",""
"https://vouchmobile.com/compare/vouch-vs-mint-mobile/","text/html; charset=UTF-8","405","Not Allowed","Non-Indexable","Client Error","0","0.027","",""
"https://vouchmobile.com/compare/vouch-vs-cricket/","text/html; charset=UTF-8","405","Not Allowed","Non-Indexable","Client Error","0","0.024","",""
"https://vouchmobile.com/about/","text/html; charset=UTF-8","405","Not Allowed","Non-Indexable","Client Error","0","0.035","",""
"https://vouchmobile.com/plans/","text/html; charset=UTF-8","405","Not Allowed","Non-Indexable","Client Error","0","0.029","",""
"https://vouchmobile.com/coverage/","text/html; charset=UTF-8","405","Not Allowed","Non-Indexable","Client Error","0","0.027","",""
"https://vouchmobile.com/contact/","text/html; charset=UTF-8","405","Not Allowed","Non-Indexable","Client Error","0","0.024","",""
"https://vouchmobile.com/faq/","text/html; charset=UTF-8","405","Not Allowed","Non-Indexable","Client Error","0","0.026","",""
"https://vouchmobile.com/compare/vouch-vs-visible/","text/html; charset=UTF-8","405","Not Allowed","Non-Indexable","Client Error","0","0.024","",""
"https://vouchmobile.com/compare/","text/html; charset=UTF-8","405","Not Allowed","Non-Indexable","Client Error","0","0.025","",""
"https://vouchmobile.com/blog/","text/html; charset=UTF-8","405","Not Allowed","Non-Indexable","Client Error","0","0.063","",""
"https://vouchmobile.com/blog/how-to-port-your-phone-number-complete-guide-2026/","text/html; charset=UTF-8","405","Not Allowed","Non-Indexable","Client Error","0","0.025","",""
"https://vouchmobile.com/blog/prepaid-vs-postpaid-plans-which-is-better-in-2026/","text/html; charset=UTF-8","405","Not Allowed","Non-Indexable","Client Error","0","0.027","",""
"https://vouchmobile.com/blog/best-phone-plans-for-small-business-owners-2026/","text/html; charset=UTF-8","405","Not Allowed","Non-Indexable","Client Error","0","0.098","",""
"https://vouchmobile.com/blog/esim-vs-physical-sim-which-is-right-for-you/","text/html; charset=UTF-8","405","Not Allowed","Non-Indexable","Client Error","0","0.337","",""
"https://vouchmobile.com/blog/first-phone-plan-guide-what-to-know-before-you-sign-up/","text/html; charset=UTF-8","405","Not Allowed","Non-Indexable","Client Error","0","0.040","",""
"https://vouchmobile.com/blog/how-to-switch-phone-carriers-without-losing-your-number/","text/html; charset=UTF-8","405","Not Allowed","Non-Indexable","Client Error","0","0.037","",""
"https://vouchmobile.com/blog/best-phones-for-prepaid-plans-2026-top-10-unlocked-phones/","text/html; charset=UTF-8","405","Not Allowed","Non-Indexable","Client Error","0","0.032","",""
"https://vouchmobile.com/blog/best-phone-plans-for-travelers-2026/","text/html; charset=UTF-8","405","Not Allowed","Non-Indexable","Client Error","0","1.055","",""
"https://vouchmobile.com/blog/how-to-unlock-your-phone-carrier-unlock-guide-2026/","text/html; charset=UTF-8","405","Not Allowed","Non-Indexable","Client Error","0","0.025","",""
"https://vouchmobile.com/blog/25-budget-phone-tips-save-money-without-sacrificing-quality/","text/html; charset=UTF-8","405","Not Allowed","Non-Indexable","Client Error","0","0.059","",""
"https://vouchmobile.com/blog/family-phone-plan-alternatives-save-without-the-big-carrier/","text/html; charset=UTF-8","405","Not Allowed","Non-Indexable","Client Error","0","1.044","",""
"https://vouchmobile.com/blog/how-to-check-if-your-phone-is-unlocked/","text/html; charset=UTF-8","405","Not Allowed","Non-Indexable","Client Error","0","0.034","",""
"https://vouchmobile.com/blog/gift-a-phone-plan-the-perfect-present-for-any-occasion/","text/html; charset=UTF-8","405","Not Allowed","Non-Indexable","Client Error","0","0.027","",""
"https://vouchmobile.com/blog/best-phone-plans-for-parents-and-kids-2026/","text/html; charset=UTF-8","405","Not Allowed","Non-Indexable","Client Error","0","0.118","",""
"https://vouchmobile.com/blog/best-phone-plans-for-gig-workers-uber-doordash-and-more/","text/html; charset=UTF-8","405","Not Allowed","Non-Indexable","Client Error","0","0.293","",""
"https://vouchmobile.com/blog/black-friday-phone-plan-deals-2026-best-carrier-discounts/","text/html; charset=UTF-8","405","Not Allowed","Non-Indexable","Client Error","0","0.030","",""
"https://vouchmobile.com/blog/how-to-save-money-on-your-phone-bill-15-proven-tips/","text/html; charset=UTF-8","405","Not Allowed","Non-Indexable","Client Error","0","0.055","",""
"https://vouchmobile.com/blog/phone-plans-for-bad-credit-no-credit-check-options-2026/","text/html; charset=UTF-8","405","Not Allowed","Non-Indexable","Client Error","0","0.140","",""
"https://vouchmobile.com/blog/what-is-an-mvno-everything-you-need-to-know/","text/html; charset=UTF-8","405","Not Allowed","Non-Indexable","Client Error","0","0.037","",""
"https://vouchmobile.com/blog/new-year-phone-plan-resolution-save-600-in-2026/","text/html; charset=UTF-8","405","Not Allowed","Non-Indexable","Client Error","0","0.060","",""
"https://www.jdpower.com/","text/html; charset=UTF-8","403","Forbidden","Non-Indexable","Client Error","1","0.032","",""
"https://vouchmobile.com/blog/best-phone-plans-for-seniors-2026-simple-and-affordable-options/","text/html; charset=UTF-8","405","Not Allowed","Non-Indexable","Client Error","0","0.029","",""
"https://vouchmobile.com/blog/best-phone-plans-for-college-students-2026/","text/html; charset=UTF-8","405","Not Allowed","Non-Indexable","Client Error","0","1.250","",""
"https://www.aarp.org/benefits-discounts/all/consumer-cellular/","text/html; charset=UTF-8","404","Not Found","Non-Indexable","Client Error","1","0.011","",""
"https://vouchmobile.com/blog/how-much-data-do-i-need-phone-plan-data-guide/","text/html; charset=UTF-8","405","Not Allowed","Non-Indexable","Client Error","0","0.065","",""
"https://vouchmobile.com/blog/best-phone-plans-for-remote-workers-2026/","text/html; charset=UTF-8","405","Not Allowed","Non-Indexable","Client Error","0","0.060","",""
"https://vouchmobile.com/blog/summer-travel-phone-tips-stay-connected-on-vacation/","text/html; charset=UTF-8","405","Not Allowed","Non-Indexable","Client Error","0","0.029","",""
"https://vouchmobile.com/coverage/ohio/","text/html; charset=UTF-8","405","Not Allowed","Non-Indexable","Client Error","0","0.118","",""
"https://vouchmobile.com/coverage/delaware/","text/html; charset=UTF-8","405","Not Allowed","Non-Indexable","Client Error","0","0.049","",""
"https://vouchmobile.com/coverage/minnesota/","text/html; charset=UTF-8","405","Not Allowed","Non-Indexable","Client Error","0","0.025","",""
"https://vouchmobile.com/coverage/north-carolina/","text/html; charset=UTF-8","405","Not Allowed","Non-Indexable","Client Error","0","0.042","",""
"https://vouchmobile.com/coverage/wyoming/","text/html; charset=UTF-8","405","Not Allowed","Non-Indexable","Client Error","0","0.053","",""
"https://vouchmobile.com/coverage/nebraska/","text/html; charset=UTF-8","405","Not Allowed","Non-Indexable","Client Error","0","0.037","",""
"https://vouchmobile.com/coverage/kansas/","text/html; charset=UTF-8","405","Not Allowed","Non-Indexable","Client Error","0","1.052","",""
"https://vouchmobile.com/coverage/rhode-island/","text/html; charset=UTF-8","405","Not Allowed","Non-Indexable","Client Error","0","0.061","",""
"https://vouchmobile.com/coverage/georgia/","text/html; charset=UTF-8","405","Not Allowed","Non-Indexable","Client Error","0","0.082","",""
"https://vouchmobile.com/coverage/virginia/","text/html; charset=UTF-8","405","Not Allowed","Non-Indexable","Client Error","0","0.071","",""
"https://vouchmobile.com/coverage/new-mexico/","text/html; charset=UTF-8","405","Not Allowed","Non-Indexable","Client Error","0","1.050","",""
"https://vouchmobile.com/coverage/missouri/","text/html; charset=UTF-8","405","Not Allowed","Non-Indexable","Client Error","0","0.144","",""
"https://vouchmobile.com/coverage/west-virginia/","text/html; charset=UTF-8","405","Not Allowed","Non-Indexable","Client Error","0","0.056","",""
"https://vouchmobile.com/coverage/california/","text/html; charset=UTF-8","405","Not Allowed","Non-Indexable","Client Error","0","0.034","",""
"https://vouchmobile.com/coverage/louisiana/","text/html; charset=UTF-8","405","Not Allowed","Non-Indexable","Client Error","0","0.094","",""
"https://vouchmobile.com/coverage/mississippi/","text/html; charset=UTF-8","405","Not Allowed","Non-Indexable","Client Error","0","0.181","",""
"https://vouchmobile.com/coverage/nevada/","text/html; charset=UTF-8","405","Not Allowed","Non-Indexable","Client Error","0","0.158","",""
"https://vouchmobile.com/coverage/new-york/","text/html; charset=UTF-8","405","Not Allowed","Non-Indexable","Client Error","0","0.129","",""
"https://vouchmobile.com/coverage/vermont/","text/html; charset=UTF-8","405","Not Allowed","Non-Indexable","Client Error","0","1.063","",""
"https://vouchmobile.com/coverage/texas/","text/html; charset=UTF-8","405","Not Allowed","Non-Indexable","Client Error","0","0.299","",""
"https://vouchmobile.com/coverage/alabama/","text/html; charset=UTF-8","405","Not Allowed","Non-Indexable","Client Error","0","0.027","",""
"https://vouchmobile.com/coverage/illinois/","text/html; charset=UTF-8","405","Not Allowed","Non-Indexable","Client Error","0","0.033","",""
"https://vouchmobile.com/coverage/colorado/","text/html; charset=UTF-8","405","Not Allowed","Non-Indexable","Client Error","0","0.381","",""
"https://vouchmobile.com/coverage/michigan/","text/html; charset=UTF-8","405","Not Allowed","Non-Indexable","Client Error","0","1.152","",""
"https://vouchmobile.com/coverage/hawaii/","text/html; charset=UTF-8","405","Not Allowed","Non-Indexable","Client Error","0","0.143","",""
"https://vouchmobile.com/coverage/alaska/","text/html; charset=UTF-8","405","Not Allowed","Non-Indexable","Client Error","0","0.058","",""
"https://vouchmobile.com/coverage/maine/","text/html; charset=UTF-8","405","Not Allowed","Non-Indexable","Client Error","0","0.118","",""
"https://vouchmobile.com/coverage/massachusetts/","text/html; charset=UTF-8","405","Not Allowed","Non-Indexable","Client Error","0","0.054","",""
"https://vouchmobile.com/coverage/arizona/","text/html; charset=UTF-8","405","Not Allowed","Non-Indexable","Client Error","0","0.074","",""
"https://vouchmobile.com/coverage/florida/","text/html; charset=UTF-8","405","Not Allowed","Non-Indexable","Client Error","0","0.330","",""
"https://vouchmobile.com/coverage/montana/","text/html; charset=UTF-8","405","Not Allowed","Non-Indexable","Client Error","0","1.080","",""
"https://vouchmobile.com/coverage/wisconsin/","text/html; charset=UTF-8","405","Not Allowed","Non-Indexable","Client Error","0","0.067","",""
"https://vouchmobile.com/coverage/new-hampshire/","text/html; charset=UTF-8","405","Not Allowed","Non-Indexable","Client Error","0","0.062","",""
"https://vouchmobile.com/coverage/north-dakota/","text/html; charset=UTF-8","405","Not Allowed","Non-Indexable","Client Error","0","0.059","",""
"https://vouchmobile.com/coverage/south-dakota/","text/html; charset=UTF-8","405","Not Allowed","Non-Indexable","Client Error","0","0.047","",""
"https://vouchmobile.com/coverage/pennsylvania/","text/html; charset=UTF-8","405","Not Allowed","Non-Indexable","Client Error","0","0.143","",""
"https://vouchmobile.com/coverage/iowa/","text/html; charset=UTF-8","405","Not Allowed","Non-Indexable","Client Error","0","0.161","",""
"https://vouchmobile.com/coverage/arkansas/","text/html; charset=UTF-8","405","Not Allowed","Non-Indexable","Client Error","0","1.180","",""
"https://vouchmobile.com/coverage/connecticut/","text/html; charset=UTF-8","405","Not Allowed","Non-Indexable","Client Error","0","0.341","",""
"https://vouchmobile.com/coverage/idaho/","text/html; charset=UTF-8","405","Not Allowed","Non-Indexable","Client Error","0","0.155","",""
"https://vouchmobile.com/coverage/washington/","text/html; charset=UTF-8","405","Not Allowed","Non-Indexable","Client Error","0","0.066","",""
"https://vouchmobile.com/coverage/new-jersey/","text/html; charset=UTF-8","405","Not Allowed","Non-Indexable","Client Error","0","0.061","",""
"https://vouchmobile.com/coverage/south-carolina/","text/html; charset=UTF-8","405","Not Allowed","Non-Indexable","Client Error","0","0.076","",""
"https://vouchmobile.com/coverage/maryland/","text/html; charset=UTF-8","405","Not Allowed","Non-Indexable","Client Error","0","0.633","",""
"https://vouchmobile.com/coverage/tennessee/","text/html; charset=UTF-8","405","Not Allowed","Non-Indexable","Client Error","0","0.117","",""
"https://vouchmobile.com/coverage/utah/","text/html; charset=UTF-8","405","Not Allowed","Non-Indexable","Client Error","0","0.374","",""
"https://vouchmobile.com/coverage/indiana/","text/html; charset=UTF-8","405","Not Allowed","Non-Indexable","Client Error","0","0.766","",""
"https://vouchmobile.com/coverage/oregon/","text/html; charset=UTF-8","405","Not Allowed","Non-Indexable","Client Error","0","0.152","",""
"https://vouchmobile.com/compare/vouch-vs-boost/","text/html; charset=UTF-8","405","Not Allowed","Non-Indexable","Client Error","0","0.089","",""
"https://vouchmobile.com/coverage/oklahoma/","text/html; charset=UTF-8","405","Not Allowed","Non-Indexable","Client Error","0","0.314","",""
"https://vouchmobile.com/compare/vouch-vs-t-mobile-prepaid/","text/html; charset=UTF-8","405","Not Allowed","Non-Indexable","Client Error","0","0.078","",""
"https://vouchmobile.com/compare/vouch-vs-att-prepaid/","text/html; charset=UTF-8","405","Not Allowed","Non-Indexable","Client Error","0","0.214","",""
"https://vouchmobile.com/compare/vouch-vs-tello/","text/html; charset=UTF-8","405","Not Allowed","Non-Indexable","Client Error","0","0.299","",""
"https://vouchmobile.com/compare/vouch-vs-straight-talk/","text/html; charset=UTF-8","405","Not Allowed","Non-Indexable","Client Error","0","0.188","",""
"https://vouchmobile.com/compare/vouch-vs-verizon-prepaid/","text/html; charset=UTF-8","405","Not Allowed","Non-Indexable","Client Error","0","0.030","",""
"https://vouchmobile.com/coverage/kentucky/","text/html; charset=UTF-8","405","Not Allowed","Non-Indexable","Client Error","0","0.777","",""
"https://vouchmobile.com/blog/phone-plans-for-new-americans-no-ssn-or-credit-required/","text/html; charset=UTF-8","405","Not Allowed","Non-Indexable","Client Error","0","0.028","",""
"https://vouchmobile.com/compare/vouch-vs-google-fi/","text/html; charset=UTF-8","405","Not Allowed","Non-Indexable","Client Error","0","1.046","",""
"https://vouchmobile.com/compare/vouch-vs-metro/","text/html; charset=UTF-8","405","Not Allowed","Non-Indexable","Client Error","0","1.023","",""
"https://vouchmobile.com/blog/back-to-school-phone-plans-2026-student-deals-and-tips/","text/html; charset=UTF-8","405","Not Allowed","Non-Indexable","Client Error","0","0.050","",""
"https://vouchmobile.com/learn/5g/","text/html; charset=UTF-8","405","Not Allowed","Non-Indexable","Client Error","0","0.118","",""
"https://vouchmobile.com/learn/number-porting/","text/html; charset=UTF-8","405","Not Allowed","Non-Indexable","Client Error","0","0.039","",""
"https://vouchmobile.com/learn/wifi-calling/","text/html; charset=UTF-8","405","Not Allowed","Non-Indexable","Client Error","0","0.028","",""
"https://vouchmobile.com/learn/hotspot/","text/html; charset=UTF-8","405","Not Allowed","Non-Indexable","Client Error","0","0.115","",""
"https://vouchmobile.com/learn/sim-card-esim/","text/html; charset=UTF-8","405","Not Allowed","Non-Indexable","Client Error","0","0.028","",""
"https://vouchmobile.com/learn/byod/","text/html; charset=UTF-8","405","Not Allowed","Non-Indexable","Client Error","0","0.028","",""
"https://vouchmobile.com/learn/unlocked-phone/","text/html; charset=UTF-8","405","Not Allowed","Non-Indexable","Client Error","0","0.029","",""
"https://vouchmobile.com/learn/deprioritization/","text/html; charset=UTF-8","405","Not Allowed","Non-Indexable","Client Error","0","0.030","",""
"https://vouchmobile.com/blog/no-credit-check-phone-plans-your-complete-guide/","text/html; charset=UTF-8","405","Not Allowed","Non-Indexable","Client Error","0","1.029","",""
"https://vouchmobile.com/blog/phone-plan-trends-2026-whats-changing-in-wireless/","text/html; charset=UTF-8","405","Not Allowed","Non-Indexable","Client Error","0","1.059","",""
"https://vouchmobile.com/compare/vouch-vs-us-mobile/","text/html; charset=UTF-8","405","Not Allowed","Non-Indexable","Client Error","0","2.070","",""
"https://vouchmobile.com/blog/smart-ways-to-use-your-tax-refund-phone-plan-edition/","text/html; charset=UTF-8","405","Not Allowed","Non-Indexable","Client Error","0","1.072","",""
"https://vouchmobile.com/learn/lte/","text/html; charset=UTF-8","405","Not Allowed","Non-Indexable","Client Error","0","0.031","",""
"https://vouchmobile.com/learn/","text/html; charset=UTF-8","405","Not Allowed","Non-Indexable","Client Error","0","0.027","",""
"https://vouchmobile.com/learn/volte/","text/html; charset=UTF-8","405","Not Allowed","Non-Indexable","Client Error","0","0.026","",""
